media_source,country_code,romi,cps,revenue_per_subscriber,recommendation
ms_1,GP,-1.2899606866955113,15.508999,-4.497,❌ Зупинити
ms_1,FI,-1.2784759188210835,85.168567,-23.71739495,❌ Зупинити
ms_1,AM,-1.0,3.179908,0.0,❌ Зупинити
ms_1,BO,-1.0,7.486367,0.0,❌ Зупинити
ms_1,CN,-1.0,27.419586,0.0,❌ Зупинити
ms_1,CY,-1.0,10.096476333333333,0.0,❌ Зупинити
ms_1,BN,-1.0,7.099863,0.0,❌ Зупинити
ms_1,CG,-1.0,0.509996,0.0,❌ Зупинити
ms_1,KY,-1.0,12.339826,0.0,❌ Зупинити
ms_1,KZ,-1.0,10.209813,0.0,❌ Зупинити
ms_1,KH,-1.0,19.329553,0.0,❌ Зупинити
ms_1,HR,-1.0,28.429707999999998,0.0,❌ Зупинити
ms_1,GD,-1.0,0.809985,0.0,❌ Зупинити
ms_1,GT,-1.0,27.349152,0.0,❌ Зупинити
ms_1,MN,-1.0,13.769726,0.0,❌ Зупинити
ms_1,MK,-1.0,9.149754999999999,0.0,❌ Зупинити
ms_1,SI,-1.0,27.269579,0.0,❌ Зупинити
ms_1,TW,-1.0,12.126562,0.0,❌ Зупинити
ms_1,TT,-1.0,16.669887,0.0,❌ Зупинити
ms_1,TR,-1.0,34.579253333333334,0.0,❌ Зупинити
ms_1,VE,-1.0,16.639778999999997,0.0,❌ Зупинити
ms_2,CO,-1.0,12.476861,0.0,❌ Зупинити
ms_2,CR,-1.0,2.8209555,0.0,❌ Зупинити
ms_2,AT,-1.0,0.10806,0.0,❌ Зупинити
ms_2,EC,-1.0,5.051368,0.0,❌ Зупинити
ms_2,EG,-1.0,0.352885,0.0,❌ Зупинити
ms_1,NP,-1.0,4.949941,0.0,❌ Зупинити
ms_1,NI,-1.0,7.869854999999999,0.0,❌ Зупинити
ms_1,NC,-1.0,8.124531000000001,0.0,❌ Зупинити
ms_1,MU,-1.0,3.289921,0.0,❌ Зупинити
ms_2,PL,-1.0,0.1420115,0.0,❌ Зупинити
ms_2,NG,-1.0,4.795256666666667,0.0,❌ Зупинити
ms_2,SE,-1.0,2.89136,0.0,❌ Зупинити
ms_2,SI,-1.0,0.161608,0.0,❌ Зупинити
ms_2,TR,-1.0,1.298565,0.0,❌ Зупинити
ms_1,LU,-0.8410014967276351,38.114483,6.06014575,❌ Зупинити
ms_3,CA,-0.8281637188888069,11.616857142857144,1.9961975296285714,❌ Зупинити
ms_1,SA,-0.7778884764815687,25.093968999999998,5.5736596857142855,❌ Зупинити
ms_1,RO,-0.7315115077879153,14.22971527272727,3.820514798181818,❌ Зупинити
ms_1,HK,-0.6892741585652807,19.012899153846153,5.907799087692307,❌ Зупинити
ms_1,LV,-0.679470329561014,36.209289,11.60615147,❌ Зупинити
ms_1,VN,-0.6577937813760225,9.117586888888889,3.120094932222222,❌ Зупинити
ms_2,PR,-0.6096397302276276,11.951779833333333,4.6655,❌ Зупинити
ms_1,SE,-0.6016645760982701,21.192333655172412,8.44165721,❌ Зупинити
ms_1,PT,-0.5556777060801152,25.12723325,11.1645899175,❌ Зупинити
ms_1,EE,-0.5422147637627522,10.191460166666667,4.6655,❌ Зупинити
ms_1,FR,-0.5234311631941279,25.193113125,12.0062526175,❌ Зупинити
ms_1,JO,-0.5096681084408722,21.399791,10.493,❌ Зупинити
ms_1,PE,-0.5045175652251727,6.548507,3.2446701925,❌ Зупинити
ms_1,ID,-0.48655490783605376,11.870602153846153,6.094902416923077,❌ Зупинити
ms_1,EC,-0.4540063767831434,9.61229175,5.24825,❌ Зупинити
ms_1,OM,-0.45205576738589764,19.149759,10.493,❌ Зупинити
ms_1,RU,-0.4189831692900535,8.623839297297298,5.010595777067568,❌ Зупинити
ms_2,FR,-0.39763312873984596,11.469632545454546,6.908926670909091,❌ Зупинити
ms_2,IE,-0.3343104860540845,5.313873666666667,3.537389978333333,❌ Зупинити
ms_1,IN,-0.33052140985728606,8.71392104477612,5.833783575671641,❌ Зупинити
ms_1,EG,-0.3208522840218844,10.6723255,7.2480854875,❌ Зупинити
ms_1,MM,-0.2878708345779871,29.469373,20.986,❌ Зупинити
ms_1,RE,-0.2873149152649101,6.5936556,4.699199999999999,❌ Зупинити
ms_1,PR,-0.2850905503157924,16.77974742857143,11.995999999999999,❌ Зупинити
ms_1,CA,-0.28057943902503985,21.20708253508772,15.256811214035089,❌ Зупинити
ms_1,ES,-0.2667969677345113,11.187356588235295,8.202603773529411,❌ Зупинити
ms_1,CZ,-0.2530502607691962,9.795759588235295,7.316940069999999,❌ Зупинити
ms_1,US,-0.2258846349065928,25.280019145,19.56965125,❌ Зупинити
ms_1,KW,-0.2152159459776559,17.8348425,13.9965,❌ Зупинити
ms_1,IS,-0.2099021086409581,17.714893500000002,13.9965,❌ Зупинити
ms_1,NZ,-0.19968574573889777,13.351211166666667,10.685164608333334,❌ Зупинити
ms_1,AE,-0.1885855839565892,16.91540080952381,13.72540007,❌ Зупинити
ms_1,CO,-0.18613836080901014,6.7998446,5.534132672400001,❌ Зупинити
ms_2,ES,-0.16952170445372683,9.752191999999999,8.09898379,❌ Зупинити
ms_1,DK,-0.16646310658161556,21.49900304761905,17.92021221190476,❌ Зупинити
ms_1,NO,-0.14436046813594935,17.7101061,15.153466892666668,❌ Зупинити
ms_1,PA,-0.13848525844799098,18.2695655,15.7395,❌ Зупинити
ms_1,KE,-0.12461107050682473,27.409530999999998,23.994,❌ Зупинити
ms_1,DO,-0.09843604596523647,10.349792666666668,9.331,❌ Зупинити
ms_1,CR,-0.08576320401507809,12.247592800000001,11.197199999999999,❌ Зупинити
ms_1,IE,-0.045313681878815244,18.292225736842106,17.463337638947365,❌ Зупинити
ms_1,PL,-1.6435221217788406e-05,12.074534588235295,12.074336140588235,❌ Зупинити
ms_1,MY,0.02730271655369944,10.193267263157896,10.471571149999999,🟡 Перевірити
ms_1,GB,0.04035819100387155,16.17087096633941,16.823498065497898,🟡 Перевірити
ms_1,MX,0.059487479866722905,18.43445552,19.531074821599997,🟡 Перевірити
ms_3,AU,0.06769660464465183,6.965000000000001,7.436506851350001,🟡 Перевірити
ms_1,BE,0.10422372675372911,17.02565184848485,18.800128734545456,🟡 Перевірити
ms_1,BY,0.1185208909398532,8.19993625,9.1718,🟡 Перевірити
ms_1,UG,0.13440302864959564,9.249799,10.493,🟡 Перевірити
ms_2,AU,0.1473504562378608,6.861507590909091,7.872553864909091,🟡 Перевірити
ms_1,TH,0.15790686660738476,16.178923130434782,18.733686187043478,🟡 Перевірити
ms_1,ZA,0.17241029954154774,11.41018848275862,13.377422496896553,🟡 Перевірити
ms_1,IL,0.1924873402618696,41.5694815,49.571080429999995,🟡 Перевірити
ms_1,NL,0.19602442794587838,15.119739027777777,18.08357722138889,🟡 Перевірити
ms_2,NZ,0.23517232807713753,5.736669166666666,7.085775009999999,🟡 Перевірити
ms_1,GR,0.23974798993554142,7.803102318181818,9.673880414227272,🟡 Перевірити
ms_1,PH,0.25275822427626865,12.089853629629628,15.145663564814814,🟡 Перевірити
ms_1,CH,0.27993654046443217,14.060656931034483,17.996748588965517,🟡 Перевірити
ms_1,DE,0.3383164302670733,13.450117424892703,18.000513138755363,🟡 Перевірити
ms_1,IM,0.36753561415847097,10.234834,13.9965,🟡 Перевірити
ms_1,LT,0.39882809900467575,12.3537842,17.280820467999998,🟡 Перевірити
ms_1,AL,0.399097260260091,7.499836,10.493,🟡 Перевірити
ms_1,AU,0.40871299475842227,18.881976371900826,26.599285481818182,🟡 Перевірити
ms_1,LI,0.4655070915710787,7.159979,10.493,🟡 Перевірити
ms_2,AR,0.4872425205465214,7.388842,10.989,🟡 Перевірити
ms_1,PK,0.5567074960986236,30.962577333333332,48.19967623333333,✅ Масштабувати
ms_2,US,0.6377747131543574,8.110754523255814,13.283588662790699,✅ Масштабувати
ms_2,CA,0.6489022228575392,5.7263374411764705,9.442170535588234,✅ Масштабувати
ms_1,AR,0.6775334581379242,7.1742923076923075,12.035115384615384,✅ Масштабувати
ms_1,AT,0.6870565890786615,13.0694815,22.04895488041667,✅ Масштабувати
ms_2,NL,0.7272315479906248,5.470565000000001,9.448932453333333,✅ Масштабувати
ms_1,HU,0.7399369327266297,7.019264647058824,12.213077799999999,✅ Масштабувати
ms_1,BR,0.837513436051717,7.6750388375,14.102986986125,✅ Масштабувати
ms_1,JP,0.8380671878356545,19.679633777777777,36.17248911555556,✅ Масштабувати
ms_1,IT,0.9277767316943306,7.772327023809524,14.983311187619048,✅ Масштабувати
ms_2,GB,0.9337511540281824,4.5448509649532705,8.788610798364486,✅ Масштабувати
ms_1,SG,0.9909223039515916,12.972676666666665,25.82759131761905,✅ Масштабувати
ms_1,UA,1.0387401004408774,6.741075037974684,13.743299999999998,✅ Масштабувати
ms_3,US,1.05910032989539,4.4076216216216215,9.075735135135135,✅ Масштабувати
ms_2,SA,1.0662049275693515,6.107517142857143,12.619382015785716,✅ Масштабувати
ms_2,NO,1.1696723626540737,2.5803895999999997,5.598599999999999,✅ Масштабувати
ms_1,BS,1.2236703610349973,5.574972,12.3969,✅ Масштабувати
ms_1,BH,1.3147443454317222,18.6546735,43.1808,✅ Масштабувати
ms_1,AZ,1.5043503331456602,2.0949545,5.2465,✅ Масштабувати
ms_1,BG,1.5166495624542038,11.37478075,28.626336997499997,✅ Масштабувати
ms_1,SK,1.6074668693425145,6.2198936666666675,16.21816666666667,✅ Масштабувати
ms_2,DO,1.609271694174403,4.466763666666666,11.655000000000001,✅ Масштабувати
ms_1,PY,1.6864393518586793,4.882392,13.11625,✅ Масштабувати
ms_1,TZ,1.763422758666508,5.0649145,13.9965,✅ Масштабувати
ms_2,MX,1.8624107980924698,13.6738892,39.140288098,✅ Масштабувати
ms_1,NG,1.9527745575286741,19.049596,56.2491624,✅ Масштабувати
ms_1,BM,2.010027834665998,9.299914,27.993,✅ Масштабувати
ms_1,CL,2.2928179291829407,9.7824112,32.21169899,✅ Масштабувати
ms_1,GH,2.514552788443521,5.309921666666667,18.662,✅ Масштабувати
ms_1,QA,2.562523444860058,15.895765599999999,56.629037624,✅ Масштабувати
ms_1,HN,2.9561050051616116,7.959723,31.4895,✅ Масштабувати
ms_2,AE,3.2242349699063086,3.332940285714286,14.07912290752381,✅ Масштабувати
ms_1,CI,5.780891973576244,6.6346359999999995,44.988749999999996,✅ Масштабувати
ms_1,AG,9.089675318806048,1.039974,10.493,✅ Масштабувати
ms_1,GG,10.840612626032575,5.2349065,61.9845,✅ Масштабувати
ms_1,MV,11.066151112023004,2.3199609999999997,27.993,✅ Масштабувати
ms_1,UY,12.07373476214077,4.25984625,55.6921,✅ Масштабувати
ms_2,DE,15.760572684032146,1.2755799166666668,21.379449907583336,✅ Масштабувати
ms_1,TC,20.207284099423397,1.319971,27.993,✅ Масштабувати
ms_2,QA,20.56028353992902,1.4374695,30.99225,✅ Масштабувати
ms_2,DK,21.774182263424873,1.229155,27.993,✅ Масштабувати
ms_1,LA,30.229910235958002,1.67996,52.465,✅ Масштабувати
ms_1,VC,33.99208106192522,0.799981,27.993,✅ Масштабувати
ms_2,MA,59.73719740783404,0.921083,55.944,✅ Масштабувати
ms_1,BJ,62.62161130202366,0.43999200000000005,27.993,✅ Масштабувати
